"","Month","Year","Start.Date","Trade.Type","Trades","X..of.Total","Par.Value","X..of.Total.1"
"1","August","2000",2000-08-01,"Other Bond Trades",455975,0.862922211624351,71737926589,0.785915559770601
"2","August","2000",2000-08-01,"New Issue Trades",72433,0.137077788375649,19541506293,0.214084440229399
"3","July","2000",2000-07-01,"Other Bond Trades",392814,0.856038912642686,61285506432,0.773327515375899
"4","July","2000",2000-07-01,"New Issue Trades",66060,0.143961087357314,17963589473,0.226672484624101
"5","June","2000",2000-06-01,"Other Bond Trades",473587,0.842832964643112,73664074688,0.737005814654816
"6","June","2000",2000-06-01,"New Issue Trades",88312,0.157167035356888,26286391405,0.262994185345184
"7","December","2000",2000-12-01,"Other Bond Trades",392595,0.835010038964796,69528253530,0.741552654093495
"8","December","2000",2000-12-01,"New Issue Trades",77573,0.164989961035204,24232119582,0.258447345906505
"9","November","2000",2000-11-01,"Other Bond Trades",406913,0.842976114022912,63283863864,0.709554357262778
"10","November","2000",2000-11-01,"New Issue Trades",75797,0.157023885977088,25904319136,0.290445642737222
"11","October","2000",2000-10-01,"Other Bond Trades",399427,0.821491006165908,55452985707,0.676188251152296
"12","October","2000",2000-10-01,"New Issue Trades",86795,0.178508993834092,26555220754,0.323811748847704
"13","September","2000",2000-09-01,"Other Bond Trades",387527,0.854965958179082,55021757444,0.723965484843486
"14","September","2000",2000-09-01,"New Issue Trades",65739,0.145034041820918,20978768266,0.276034515156514
"15","December","2001",2001-12-01,"Other Bond Trades",402418,0.737357468616985,56715272726,0.602864091034368
"16","December","2001",2001-12-01,"New Issue Trades",143339,0.262642531383015,37361109612,0.397135908965632
"17","February","2001",2001-02-01,"Other Bond Trades",355638,0.799389507897511,56552199977,0.67399818980885
"18","February","2001",2001-02-01,"New Issue Trades",89249,0.200610492102489,27353366584,0.32600181019115
"19","January","2001",2001-01-01,"Other Bond Trades",450860,0.897930732309653,89014085044,0.842499306158818
"20","January","2001",2001-01-01,"New Issue Trades",51250,0.102069267690347,16640702317,0.157500693841182
"21","March","2001",2001-03-01,"Other Bond Trades",415716,0.784103512014787,65170538786,0.619709681488876
"22","March","2001",2001-03-01,"New Issue Trades",114464,0.215896487985213,39992476627,0.380290318511124
"23","April","2001",2001-04-01,"Other Bond Trades",422602,0.811531917671955,53742841470,0.684068940708423
"24","April","2001",2001-04-01,"New Issue Trades",98144,0.188468082328045,24820645734,0.315931059291577
"25","August","2001",2001-08-01,"Other Bond Trades",412353,0.755813591165284,65004959221,0.638970231528241
"26","August","2001",2001-08-01,"New Issue Trades",133222,0.244186408834716,36728980818,0.361029768471759
"27","July","2001",2001-07-01,"Other Bond Trades",392501,0.748392152675424,52166992376,0.627881290830785
"28","July","2001",2001-07-01,"New Issue Trades",131958,0.251607847324576,30917172000,0.372118709169215
"29","June","2001",2001-06-01,"Other Bond Trades",425403,0.740346327880265,66442265866,0.623097767959451
"30","June","2001",2001-06-01,"New Issue Trades",149197,0.259653672119735,40189902122,0.376902232040549
"31","October","2001",2001-10-01,"Other Bond Trades",436319,0.774744396975734,64649919122,0.607604031299214
"32","October","2001",2001-10-01,"New Issue Trades",126859,0.225255603024266,41751480131,0.392395968700786
"33","May","2001",2001-05-01,"Other Bond Trades",470196,0.795034290583954,69650962791,0.668457823085177
"34","May","2001",2001-05-01,"New Issue Trades",121220,0.204965709416046,34545533062,0.331542176914824
"35","November","2001",2001-11-01,"Other Bond Trades",367969,0.724153131930956,54022506191,0.543858830177552
"36","November","2001",2001-11-01,"New Issue Trades",140168,0.275846868069044,45309348315,0.456141169822448
"37","September","2001",2001-09-01,"Other Bond Trades",314437,0.817666699605257,50974782229,0.743873501962428
"38","September","2001",2001-09-01,"New Issue Trades",70117,0.182333300394743,17551361120,0.256126498037572
"39","April","2002",2002-04-01,"Other Bond Trades",470328,0.745508668816039,68405633354,0.649313664924256
"40","April","2002",2002-04-01,"New Issue Trades",160554,0.254491331183961,36945042366,0.350686335075744
"41","August","2002",2002-08-01,"Other Bond Trades",418059,0.696260211346774,61510185926,0.554525108757313
"42","August","2002",2002-08-01,"New Issue Trades",182376,0.303739788653226,49413891189,0.445474891242687
"43","December","2002",2002-12-01,"Other Bond Trades",412121,0.732410861378625,62655453708,0.658432661887848
"44","December","2002",2002-12-01,"New Issue Trades",150570,0.267589138621375,32503029968,0.341567338112152
"45","February","2002",2002-02-01,"Other Bond Trades",388681,0.747702151071304,58180563275,0.640971226774147
"46","February","2002",2002-02-01,"New Issue Trades",131153,0.252297848928696,32588820505,0.359028773225853
"47","January","2002",2002-01-01,"Other Bond Trades",489920,0.822760257213343,78566973779,0.723675329397918
"48","January","2002",2002-01-01,"New Issue Trades",105539,0.177239742786657,29999631420,0.276324670602082
"49","July","2002",2002-07-01,"Other Bond Trades",445866,0.724815652920292,65701384534,0.600631573782527
"50","July","2002",2002-07-01,"New Issue Trades",169278,0.275184347079708,43685779581,0.399368426217473
"51","June","2002",2002-06-01,"Other Bond Trades",409830,0.679330664611253,58630077367,0.5113411348389
"52","June","2002",2002-06-01,"New Issue Trades",193455,0.320669335388747,56029341507,0.4886588651611
"53","March","2002",2002-03-01,"Other Bond Trades",421816,0.719448068837892,62582573122,0.646339951577672
"54","March","2002",2002-03-01,"New Issue Trades",164489,0.280551931162108,34243521210,0.353660048422328
"55","May","2002",2002-05-01,"Other Bond Trades",458693,0.688551437994149,59873698129,0.555679254603443
"56","May","2002",2002-05-01,"New Issue Trades",207478,0.311448562005851,47874967370,0.444320745396557
"57","November","2002",2002-11-01,"Other Bond Trades",383457,0.717297123381458,60649996152,0.558498547835637
"58","November","2002",2002-11-01,"New Issue Trades",151129,0.282702876618542,47944728735,0.441501452164363
"59","October","2002",2002-10-01,"Other Bond Trades",452684,0.734652411277078,68767430586,0.581653791555915
"60","October","2002",2002-10-01,"New Issue Trades",163504,0.265347588722922,49459995392,0.418346208444085
"61","September","2002",2002-09-01,"Other Bond Trades",391016,0.757396908165024,67196745978,0.642254980769537
"62","September","2002",2002-09-01,"New Issue Trades",125247,0.242603091834976,37429528617,0.357745019230463
"63","January","2003",2003-01-01,"Other Bond Trades",481812,0.762967995097364,73937686602,0.686864273788249
"64","January","2003",2003-01-01,"New Issue Trades",149685,0.237032004902636,33707578152,0.313135726211751
"65","April","2003",2003-04-01,"Other Bond Trades",408626,0.71170104188075,61257131733,0.570780446045183
"66","April","2003",2003-04-01,"New Issue Trades",165528,0.28829895811925,46064575164,0.429219553954817
"67","August","2003",2003-08-01,"Other Bond Trades",502226,0.746089989660459,76965057048,0.652485175082004
"68","August","2003",2003-08-01,"New Issue Trades",170918,0.253910010339541,40991733370,0.347514824917996
"69","December","2003",2003-12-01,"Other Bond Trades",413538,0.745579668729819,67085586476,0.664286206016735
"70","December","2003",2003-12-01,"New Issue Trades",141115,0.254420331270182,33903393678,0.335713793983265
"71","July","2003",2003-07-01,"Other Bond Trades",472269,0.708351082019931,73476292881,0.603448335186034
"72","July","2003",2003-07-01,"New Issue Trades",194447,0.291648917980069,48284409066,0.396551664813966
"73","June","2003",2003-06-01,"Other Bond Trades",406379,0.691221845371942,59728021918,0.469150030299351
"74","June","2003",2003-06-01,"New Issue Trades",181535,0.308778154628058,67583111111,0.530849969700649
"75","February","2003",2003-02-01,"Other Bond Trades",409883,0.734413886893062,63362277488,0.619038862280341
"76","February","2003",2003-02-01,"New Issue Trades",148226,0.265586113106938,38993618642,0.380961137719659
"77","March","2003",2003-03-01,"Other Bond Trades",429156,0.728124750805482,66117827826,0.61581265804144
"78","March","2003",2003-03-01,"New Issue Trades",160243,0.271875249194518,41248961347,0.38418734195856
"79","May","2003",2003-05-01,"Other Bond Trades",409809,0.695758985416207,64015847311,0.551216179877393
"80","May","2003",2003-05-01,"New Issue Trades",179201,0.304241014583793,52119799007,0.448783820122607
"81","November","2003",2003-11-01,"Other Bond Trades",361744,0.747752570926567,58458837095,0.646741714120072
"82","November","2003",2003-11-01,"New Issue Trades",122031,0.252247429073433,31930936471,0.353258285879928
"83","October","2003",2003-10-01,"Other Bond Trades",437085,0.714788001092415,68744537354,0.607552618959457
"84","October","2003",2003-10-01,"New Issue Trades",174404,0.285211998907585,44405394370,0.392447381040543
"85","September","2003",2003-09-01,"Other Bond Trades",482140,0.779407628217356,86822514651,0.703075585668265
"86","September","2003",2003-09-01,"New Issue Trades",136458,0.220592371782644,36667073696,0.296924414331735
"87","April","2004",2004-04-01,"Other Bond Trades",445562,0.774705852692489,69507899600,0.62622066521928
"88","April","2004",2004-04-01,"New Issue Trades",129575,0.225294147307511,41487957708,0.37377933478072
"89","August","2004",2004-08-01,"Other Bond Trades",405701,0.766943801702887,62531891884,0.653774023779403
"90","August","2004",2004-08-01,"New Issue Trades",123283,0.233056198297113,33115670744,0.346225976220597
"91","December","2004",2004-12-01,"Other Bond Trades",387576,0.776593357271095,65516029180,0.635307551560051
"92","December","2004",2004-12-01,"New Issue Trades",111496,0.223406642728905,37608873112,0.364692448439949
"93","February","2004",2004-02-01,"Other Bond Trades",375075,0.744202334939166,60826887855,0.616892300255431
"94","February","2004",2004-02-01,"New Issue Trades",128921,0.255797665060834,37775230910,0.383107699744569
"95","January","2004",2004-01-01,"Other Bond Trades",427274,0.814983796609782,74019198395,0.720140526396997
"96","January","2004",2004-01-01,"New Issue Trades",96999,0.185016203390218,28765182822,0.279859473603003
"97","July","2004",2004-07-01,"Other Bond Trades",416089,0.783719081737977,70115623877,0.705721281978349
"98","July","2004",2004-07-01,"New Issue Trades",114827,0.216280918262023,29237514065,0.294278718021651
"99","June","2004",2004-06-01,"Other Bond Trades",508396,0.790855621045885,75278825845,0.685046922687817
"100","June","2004",2004-06-01,"New Issue Trades",134447,0.209144378954115,34609742882,0.314953077312183
"101","September","2004",2004-09-01,"Other Bond Trades",367164,0.78203361455509,66718412759,0.68607894049876
"102","September","2004",2004-09-01,"New Issue Trades",102335,0.21796638544491,30527558252,0.31392105950124
"103","March","2004",2004-03-01,"Other Bond Trades",428275,0.754343939620781,68203058141,0.58331278367145
"104","March","2004",2004-03-01,"New Issue Trades",139470,0.24565606037922,48720589086,0.41668721632855
"105","May","2004",2004-05-01,"Other Bond Trades",523613,0.800720875571738,81212660710,0.655735707058592
"106","May","2004",2004-05-01,"New Issue Trades",130314,0.199279124428262,42637024210,0.344264292941408
"107","November","2004",2004-11-01,"Other Bond Trades",348357,0.733571569961127,52968687307,0.620481097073516
"108","November","2004",2004-11-01,"New Issue Trades",126521,0.266428430038873,32398437585,0.379518902926484
"109","October","2004",2004-10-01,"Other Bond Trades",337301,0.744053435804901,56457533183,0.576749379658066
"110","October","2004",2004-10-01,"New Issue Trades",116028,0.255946564195099,41431663016,0.423250620341934
"111","April","2005",2005-04-01,"Other Bond Trades",392360,0.767635504218121,63718767862,0.588786794535458
"112","April","2005",2005-04-01,"New Issue Trades",118768,0.232364495781879,44501675350,0.411213205464542
"113","August","2005",2005-08-01,"Other Bond Trades",389418,0.737007856133026,64538990399,0.560877701949004
"114","August","2005",2005-08-01,"New Issue Trades",138959,0.262992143866974,50528858037,0.439122298050996
"115","December","2005",2005-12-01,"Other Bond Trades",449386,0.820865314711373,82579992043,0.681730934157175
"116","December","2005",2005-12-01,"New Issue Trades",98068,0.179134685288627,38552830168,0.318269065842825
"117","February","2005",2005-02-01,"Other Bond Trades",343839,0.77296372563125,59775378437,0.641025252736001
"118","February","2005",2005-02-01,"New Issue Trades",100993,0.22703627436875,33474268409,0.358974747263999
"119","January","2005",2005-01-01,"Other Bond Trades",379432,0.803532364121515,69226643386,0.699558343118807
"120","January","2005",2005-01-01,"New Issue Trades",92773,0.196467635878485,29730997627,0.300441656881193
"121","July","2005",2005-07-01,"Other Bond Trades",323446,0.710336406481282,61733697579,0.58955091373107
"122","July","2005",2005-07-01,"New Issue Trades",131896,0.289663593518718,42979391895,0.41044908626893
"123","June","2005",2005-06-01,"Other Bond Trades",378711,0.714186573229813,68537287651,0.536239196955844
"124","June","2005",2005-06-01,"New Issue Trades",151558,0.285813426770186,59273748991,0.463760803044156
"125","March","2005",2005-03-01,"Other Bond Trades",405998,0.730108491779046,69716033129,0.560715305314266
"126","March","2005",2005-03-01,"New Issue Trades",150081,0.269891508220954,54618067382,0.439284694685734
"127","May","2005",2005-05-01,"Other Bond Trades",369615,0.74849790101031,61937538262,0.578928955841761
"128","May","2005",2005-05-01,"New Issue Trades",124194,0.25150209898969,45048884920,0.421071044158239
"129","November","2005",2005-11-01,"Other Bond Trades",420907,0.806605662817995,78769710602,0.66548288096305
"130","November","2005",2005-11-01,"New Issue Trades",100918,0.193394337182005,39595033038,0.33451711903695
"131","October","2005",2005-10-01,"Other Bond Trades",357748,0.774302744867172,66907215660,0.653914495271091
"132","October","2005",2005-10-01,"New Issue Trades",104278,0.225697255132828,35410772615,0.346085504728909
"133","September","2005",2005-09-01,"Other Bond Trades",358359,0.766279420349356,69104585769,0.62298504629035
"134","September","2005",2005-09-01,"New Issue Trades",109302,0.233720579650644,41820365288,0.37701495370965
"135","April","2006",2006-04-01,"Other Bond Trades",426564,0.827195423474087,75928944503,0.676389992289875
"136","April","2006",2006-04-01,"New Issue Trades",89111,0.172804576525913,36327217428,0.323610007710125
"137","August","2006",2006-08-01,"Other Bond Trades",461314,0.799320087397532,96363466757,0.675889956740369
"138","August","2006",2006-08-01,"New Issue Trades",115819,0.200679912602468,46209249106,0.324110043259631
"139","December","2006",2006-12-01,"Other Bond Trades",366930,0.787558917211123,55580199904,0.507099119983341
"140","December","2006",2006-12-01,"New Issue Trades",98978,0.212441082788877,54024012988,0.492900880016659
"141","February","2006",2006-02-01,"Other Bond Trades",389895,0.787757378122329,79417524686,0.707345669547641
"142","February","2006",2006-02-01,"New Issue Trades",105048,0.212242621877671,32857884785,0.292654330452359
"143","January","2006",2006-01-01,"Other Bond Trades",436391,0.83811263283034,88798891583,0.760979453184182
"144","January","2006",2006-01-01,"New Issue Trades",84292,0.16188736716966,27891370173,0.239020546815818
"145","July","2006",2006-07-01,"Other Bond Trades",418255,0.795721324886327,78417234455,0.671451802118949
"146","July","2006",2006-07-01,"New Issue Trades",107375,0.204278675113673,38370350607,0.328548197881051
"147","June","2006",2006-06-01,"Other Bond Trades",462730,0.782049353630032,93979587441,0.653248722812061
"148","June","2006",2006-06-01,"New Issue Trades",128959,0.217950646369968,49885351225,0.346751277187939
"149","March","2006",2006-03-01,"Other Bond Trades",461871,0.797648180353377,95433900294,0.711156988491803
"150","March","2006",2006-03-01,"New Issue Trades",117170,0.202351819646623,38761364378,0.288843011508197
"151","May","2006",2006-05-01,"Other Bond Trades",497445,0.834245934383286,91950749281,0.647754575028311
"152","May","2006",2006-05-01,"New Issue Trades",98836,0.165754065616714,50002318788,0.352245424971689
"153","November","2006",2006-11-01,"Other Bond Trades",383272,0.795769428013213,74964593330,0.59058254509753
"154","November","2006",2006-11-01,"New Issue Trades",98365,0.204230571986787,51968709986,0.40941745490247
"155","October","2006",2006-10-01,"Other Bond Trades",393404,0.786457240070928,76811712390,0.623858988454285
"156","October","2006",2006-10-01,"New Issue Trades",106819,0.213542759929072,46311804000,0.376141011545715
"157","September","2006",2006-09-01,"Other Bond Trades",389973,0.812714654884962,80538516511,0.677155658233528
"158","September","2006",2006-09-01,"New Issue Trades",89867,0.187285345115038,38397972510,0.322844341766472
"159","April","2007",2007-04-01,"Other Bond Trades",434710,0.81031860241431,84032409144,0.655894942884968
"160","April","2007",2007-04-01,"New Issue Trades",101758,0.18968139758569,44086293486,0.344105057115032
"161","August","2007",2007-08-01,"Other Bond Trades",572494,0.846912177615248,146198307714,0.760069744594539
"162","August","2007",2007-08-01,"New Issue Trades",103484,0.153087822384752,46150234974,0.239930255405461
"163","December","2007",2007-12-01,"Other Bond Trades",441064,0.835025861220286,83182557969,0.718165261672873
"164","December","2007",2007-12-01,"New Issue Trades",87140,0.164974138779714,32643927115,0.281834738327127
"165","February","2007",2007-02-01,"Other Bond Trades",377916,0.802713690372516,80895490354,0.63102177019926
"166","February","2007",2007-02-01,"New Issue Trades",92882,0.197286309627484,47302131621,0.36897822980074
"167","January","2007",2007-01-01,"Other Bond Trades",440851,0.808395114249616,80497741908,0.604356645588834
"168","January","2007",2007-01-01,"New Issue Trades",104490,0.191604885750384,52698016748,0.395643354411166
"169","July","2007",2007-07-01,"Other Bond Trades",472497,0.838983411994076,95450733227,0.626049418369731
"170","July","2007",2007-07-01,"New Issue Trades",90681,0.161016588005924,57014440330,0.373950581630269
"171","June","2007",2007-06-01,"Other Bond Trades",523877,0.795093847655213,131115536439,0.684615390011088
"172","June","2007",2007-06-01,"New Issue Trades",135010,0.204906152344787,60401537749,0.315384609988912
"173","March","2007",2007-03-01,"Other Bond Trades",413140,0.786404569879681,83770532738,0.56246478752784
"174","March","2007",2007-03-01,"New Issue Trades",112213,0.213595430120319,65164182102,0.43753521247216
"175","May","2007",2007-05-01,"Other Bond Trades",462308,0.79940931538685,88308103519,0.638555774593063
"176","May","2007",2007-05-01,"New Issue Trades",116004,0.20059068461315,49985381612,0.361444225406937
"177","November","2007",2007-11-01,"Other Bond Trades",456523,0.822070721531045,95965245411,0.7360224055175
"178","November","2007",2007-11-01,"New Issue Trades",98810,0.177929278468955,34418347115,0.2639775944825
"179","October","2007",2007-10-01,"Other Bond Trades",468694,0.826019143022807,89709080396,0.611712016426039
"180","October","2007",2007-10-01,"New Issue Trades",98719,0.173980856977193,56943393296,0.388287983573961
"181","September","2007",2007-09-01,"Other Bond Trades",445529,0.865895088721746,96802100248,0.752778691102373
"182","September","2007",2007-09-01,"New Issue Trades",69001,0.134104911278254,31790939635,0.247221308897627
"183","April","2008",2008-04-01,"Other Bond Trades",647129,0.83196606975037,133944560851,0.676859134183106
"184","April","2008",2008-04-01,"New Issue Trades",130702,0.16803393024963,63946778848,0.323140865816894
"185","August","2008",2008-08-01,"Other Bond Trades",538140,0.780244364635998,89601735241,0.680161340323857
"186","August","2008",2008-08-01,"New Issue Trades",151567,0.219755635364002,42134266100,0.319838659676143
"187","December","2008",2008-12-01,"Other Bond Trades",766951,0.858524676045743,126219250867,0.844328607570553
"188","December","2008",2008-12-01,"New Issue Trades",126385,0.141475323954257,23271421053,0.155671392429447
"189","February","2008",2008-02-01,"Other Bond Trades",569385,0.859067824995398,145544523268,0.841517660140061
"190","February","2008",2008-02-01,"New Issue Trades",93409,0.140932175004602,27410282272,0.158482339859939
"191","January","2008",2008-01-01,"Other Bond Trades",550892,0.881259408208677,130075662533,0.811577502409783
"192","January","2008",2008-01-01,"New Issue Trades",74227,0.118740591791323,30199433988,0.188422497590218
"193","July","2008",2008-07-01,"Other Bond Trades",578501,0.784397499694919,106073774617,0.672930235030571
"194","July","2008",2008-07-01,"New Issue Trades",159009,0.215602500305081,51555900935,0.327069764969429
"195","June","2008",2008-06-01,"Other Bond Trades",569474,0.751885079780035,117448727635,0.686661404805383
"196","June","2008",2008-06-01,"New Issue Trades",187921,0.248114920219964,53594419414,0.313338595194617
"197","March","2008",2008-03-01,"Other Bond Trades",756233,0.865254158748102,200109021978,0.788342099004521
"198","March","2008",2008-03-01,"New Issue Trades",117768,0.134745841251898,53726238413,0.211657900995479
"199","May","2008",2008-05-01,"Other Bond Trades",562572,0.798713136120213,112447752550,0.691266929652346
"200","May","2008",2008-05-01,"New Issue Trades",141776,0.201286863879787,50221323210,0.308733070347654
"201","November","2008",2008-11-01,"Other Bond Trades",606350,0.826899919676086,97532977504,0.761791522265657
"202","November","2008",2008-11-01,"New Issue Trades",126931,0.173100080323914,30498084346,0.238208477734343
"203","October","2008",2008-10-01,"Other Bond Trades",929335,0.902225820763519,184662915783,0.880313937770692
"204","October","2008",2008-10-01,"New Issue Trades",100712,0.0977741792364814,25106472000,0.119686062229308
"205","September","2008",2008-09-01,"Other Bond Trades",612886,0.818005883263663,140994200577,0.829147122658919
"206","September","2008",2008-09-01,"New Issue Trades",136358,0.181994116736337,29053064527,0.170852877341081
"207","April","2009",2009-04-01,"Other Bond Trades",628795,0.790935117144359,94284232705,0.617879780019678
"208","April","2009",2009-04-01,"New Issue Trades",166207,0.209064882855641,58308934694,0.382120219980322
"209","August","2009",2009-08-01,"Other Bond Trades",635963,0.774917294698941,91862385555,0.620940568645792
"210","August","2009",2009-08-01,"New Issue Trades",184722,0.225082705301059,56078319552,0.379059431354208
"211","December","2009",2009-12-01,"Other Bond Trades",614318,0.77411070605447,85843265656,0.625892935171715
"212","December","2009",2009-12-01,"New Issue Trades",179261,0.22588929394553,51310009021,0.374107064828285
"213","February","2009",2009-02-01,"Other Bond Trades",605755,0.834569850474423,94456005799,0.748884733308621
"214","February","2009",2009-02-01,"New Issue Trades",120074,0.165430149525577,31672891744,0.251115266691379
"215","January","2009",2009-01-01,"Other Bond Trades",706825,0.860526158802124,115991350630,0.775090911707296
"216","January","2009",2009-01-01,"New Issue Trades",114562,0.139473841197876,33657353642,0.224909088292704
"217","July","2009",2009-07-01,"Other Bond Trades",687540,0.791841341502741,103367037589,0.700267562527931
"218","July","2009",2009-07-01,"New Issue Trades",180740,0.208158658497259,44243737378,0.299732437472069
"219","June","2009",2009-06-01,"Other Bond Trades",713868,0.761859023615593,99868911548,0.618519737621824
"220","June","2009",2009-06-01,"New Issue Trades",223140,0.238140976384407,61595477498,0.381480262378176
"221","March","2009",2009-03-01,"Other Bond Trades",684389,0.762447625445483,94687000580,0.630551722543299
"222","March","2009",2009-03-01,"New Issue Trades",213232,0.237552374554517,55478318449,0.369448277456701
"223","May","2009",2009-05-01,"Other Bond Trades",577806,0.779631561122453,95829152465,0.670418529400449
"224","May","2009",2009-05-01,"New Issue Trades",163321,0.220368438877547,47110143307,0.329581470599551
"225","November","2009",2009-11-01,"Other Bond Trades",576253,0.744470598570624,76118826286,0.576601669105346
"226","November","2009",2009-11-01,"New Issue Trades",197791,0.255529401429376,55894017874,0.423398330894653
"227","October","2009",2009-10-01,"Other Bond Trades",623998,0.750039064659825,80853779062,0.537236308762718
"228","October","2009",2009-10-01,"New Issue Trades",207956,0.249960935340175,69645689688,0.462763691237282
"229","September","2009",2009-09-01,"Other Bond Trades",643757,0.824000522234652,108445143769,0.717769552345689
"230","September","2009",2009-09-01,"New Issue Trades",137501,0.175999477765348,42641153239,0.282230447654311
"231","August","2010",2010-08-01,"Other Bond Trades",674579,0.794327903019741,100434907861,0.66306380839397
"232","August","2010",2010-08-01,"New Issue Trades",174666,0.205672096980259,51036046502,0.33693619160603
"233","December","2010",2010-12-01,"Other Bond Trades",803130,0.813126578151798,108900777165,0.670468165309309
"234","December","2010",2010-12-01,"New Issue Trades",184576,0.186873421848202,53524201081,0.329531834690691
"235","July","2010",2010-07-01,"Other Bond Trades",649139,0.777139279270867,87075778991,0.642903142589222
"236","July","2010",2010-07-01,"New Issue Trades",186154,0.222860720729133,48365741236,0.357096857410778
"237","November","2010",2010-11-01,"Other Bond Trades",679209,0.783110540260711,95189859766,0.612663508763402
"238","November","2010",2010-11-01,"New Issue Trades",188113,0.216889459739289,60180679534,0.387336491236598
"239","October","2010",2010-10-01,"Other Bond Trades",594365,0.774731877975151,77646829703,0.53363619349306
"240","October","2010",2010-10-01,"New Issue Trades",172823,0.225268122024849,67858349012,0.46636380650694
"241","September","2010",2010-09-01,"Other Bond Trades",636821,0.825713755953099,92349466074,0.664616606109502
"242","September","2010",2010-09-01,"New Issue Trades",134416,0.174286244046901,46602021483,0.335383393890498
"243","April","2010",2010-04-01,"Other Bond Trades",656076,0.810594828608706,95836094299,0.664922169909717
"244","April","2010",2010-04-01,"New Issue Trades",153300,0.189405171391294,48295202018,0.335077830090283
"245","February","2010",2010-02-01,"Other Bond Trades",615933,0.806605719404252,81681860425,0.667493471482823
"246","February","2010",2010-02-01,"New Issue Trades",147678,0.193394280595748,40689164783,0.332506528517177
"247","January","2010",2010-01-01,"Other Bond Trades",634238,0.816707636956446,88889362750,0.639611380997406
"248","January","2010",2010-01-01,"New Issue Trades",142341,0.183292363043554,50084653959,0.360388619002595
"249","June","2010",2010-06-01,"Other Bond Trades",706929,0.771443256668689,87526881643,0.628437200588879
"250","June","2010",2010-06-01,"New Issue Trades",209443,0.228556743331311,51750171913,0.371562799411121
"251","March","2010",2010-03-01,"Other Bond Trades",724854,0.807909522657789,98936150396,0.613646645636802
"252","March","2010",2010-03-01,"New Issue Trades",172343,0.192090477342211,62290430242,0.386353354363198
"253","May","2010",2010-05-01,"Other Bond Trades",626963,0.801606632120113,89177992204,0.631993938155476
"254","May","2010",2010-05-01,"New Issue Trades",155170,0.198393367879887,51927779260,0.368006061844524
"255","April","2011",2011-04-01,"Other Bond Trades",697200,0.881740311543185,97112200768,0.807754461346111
"256","April","2011",2011-04-01,"New Issue Trades",93509,0.118259688456815,23112701000,0.192245538653889
"257","August","2011",2011-08-01,"Other Bond Trades",753134,0.884719166326978,107302986943,0.769060293983759
"258","August","2011",2011-08-01,"New Issue Trades",98135,0.115280833673022,32221817266,0.230939706016241
"259","December","2011",2011-12-01,"Other Bond Trades",608859,0.79363769674455,85002924264,0.655156666430284
"260","December","2011",2011-12-01,"New Issue Trades",158316,0.20636230325545,44741499657,0.344843333569716
"261","February","2011",2011-02-01,"Other Bond Trades",811818,0.916223500306981,121998933009,0.834180228763382
"262","February","2011",2011-02-01,"New Issue Trades",74230,0.0837764996930189,24251156363,0.165819771236618
"263","January","2011",2011-01-01,"Other Bond Trades",932793,0.926894245024663,135842442928,0.864281830912226
"264","January","2011",2011-01-01,"New Issue Trades",73571,0.073105754975337,21331337741,0.135718169087774
"265","July","2011",2011-07-01,"Other Bond Trades",550892,0.881259408208677,130075662533,0.811577502409783
"266","July","2011",2011-07-01,"New Issue Trades",74227,0.118740591791323,30199433988,0.188422497590218
"267","June","2011",2011-06-01,"Other Bond Trades",733228,0.849354262884335,101762410207,0.718327956569428
"268","June","2011",2011-06-01,"New Issue Trades",130049,0.150645737115665,39903258345,0.281672043430572
"269","March","2011",2011-03-01,"Other Bond Trades",850063,0.886206950475128,114576436037,0.810600076404065
"270","March","2011",2011-03-01,"New Issue Trades",109152,0.113793049524872,26771238818,0.189399923595935
"271","May","2011",2011-05-01,"Other Bond Trades",737580,0.883545201462393,105672511668,0.784844249888129
"272","May","2011",2011-05-01,"New Issue Trades",97216,0.116454798537607,28968866775,0.215155750111871
"273","November","2011",2011-11-01,"Other Bond Trades",616994,0.781497703615697,88820880799,0.625046147189563
"274","November","2011",2011-11-01,"New Issue Trades",172508,0.218502296384303,53282036239,0.374953852810437
"275","October","2011",2011-10-01,"Other Bond Trades",611954,0.79503145936915,81996378732,0.608174568808284
"276","October","2011",2011-10-01,"New Issue Trades",157769,0.20496854063085,52827375725,0.391825431191715
"277","September","2011",2011-09-01,"Other Bond Trades",643863,0.855464779637732,93940401133,0.721372803602252
"278","September","2011",2011-09-01,"New Issue Trades",108784,0.144535220362268,36284082884,0.278627196397748
"279","April","2012",2012-04-01,"Other Bond Trades",607005,0.807548319461887,81037169229,0.606652742881571
"280","April","2012",2012-04-01,"New Issue Trades",144659,0.192451680538113,52543648100,0.393347257118429
"281","August","2012",2012-08-01,"Other Bond Trades",669061,0.820560211241263,91538014777,0.655007565198698
"282","August","2012",2012-08-01,"New Issue Trades",146310,0.179439788758737,48213065425,0.344992434801302
"283","December","2012",2012-12-01,"Other Bond Trades",728892,0.880686191235089,100557925369,0.731134876178697
"284","December","2012",2012-12-01,"New Issue Trades",98749,0.119313808764911,36978839249,0.268865123821303
"285","February","2012",2012-02-01,"Other Bond Trades",633843,0.854047083932931,88666257054,0.68562670675521
"286","February","2012",2012-02-01,"New Issue Trades",108321,0.145952916067069,40655218000,0.31437329324479
"287","January","2012",2012-01-01,"Other Bond Trades",686624,0.880181106379488,122127202375,0.802398840274654
"288","January","2012",2012-01-01,"New Issue Trades",93470,0.119818893620512,30075413388,0.197601159725346
"289","July","2012",2012-07-01,"Other Bond Trades",653087,0.818368868533335,94964057739,0.644031328546244
"290","July","2012",2012-07-01,"New Issue Trades",144948,0.181631131466665,52488486151,0.355968671453756
"291","June","2012",2012-06-01,"Other Bond Trades",658746,0.756876559720939,85584659749,0.571930206662003
"292","June","2012",2012-06-01,"New Issue Trades",211602,0.243123440279061,64057130022,0.428069793337997
"293","March","2012",2012-03-01,"Other Bond Trades",657576,0.800984213603586,92031097294,0.632873891287404
"294","March","2012",2012-03-01,"New Issue Trades",163384,0.199015786396414,53386652689,0.367126108712596
"295","May","2012",2012-05-01,"Other Bond Trades",671766,0.817862395418375,101418689923,0.651039606212422
"296","May","2012",2012-05-01,"New Issue Trades",149602,0.182137604581625,54360910819,0.348960393787578
"297","November","2012",2012-11-01,"Other Bond Trades",635877,0.839919478937851,100788129926,0.664892442090594
"298","November","2012",2012-11-01,"New Issue Trades",121192,0.160080521062149,50797485349,0.335107557909406
"299","October","2012",2012-10-01,"Other Bond Trades",595776,0.825438609859941,86945538933,0.633451831132742
"300","October","2012",2012-10-01,"New Issue Trades",125993,0.174561390140059,50311209978,0.366548168867258
"301","September","2012",2012-09-01,"Other Bond Trades",576561,0.837879785327828,82652420590,0.683314153852919
"302","September","2012",2012-09-01,"New Issue Trades",111558,0.162120214672172,38305736246,0.316685846147081
"303","April","2013",2013-04-01,"Other Bond Trades",735887,0.86451468138447,98596705978,0.649167602400714
"304","April","2013",2013-04-01,"New Issue Trades",115327,0.13548531861553,53285035522,0.350832397599286
"305","August","2013",2013-08-01,"Other Bond Trades",876388,0.881689599562167,128303060179,0.804480874779683
"306","August","2013",2013-08-01,"New Issue Trades",117599,0.118310400437833,31182471673,0.195519125220317
"307","December","2013",2013-12-01,"Other Bond Trades",770140,0.891489558735009,100687506733,0.749741349875484
"308","December","2013",2013-12-01,"New Issue Trades",93740,0.108510441264991,33608816592,0.250258650124516
"309","February","2013",2013-02-01,"Other Bond Trades",638019,0.865274764023001,90299422437,0.721540101866984
"310","February","2013",2013-02-01,"New Issue Trades",99341,0.134725235976999,34848746325,0.278459898133016
"311","January","2013",2013-01-01,"Other Bond Trades",734924,0.89635153298061,103816934664,0.739299169740779
"312","January","2013",2013-01-01,"New Issue Trades",84982,0.10364846701939,36609213387,0.260700830259221
"313","July","2013",2013-07-01,"Other Bond Trades",861057,0.884547030954015,125588844146,0.759580967630416
"314","July","2013",2013-07-01,"New Issue Trades",112387,0.115452969045985,39750796390,0.240419032369584
"315","June","2013",2013-06-01,"Other Bond Trades",844647,0.87691574560684,133525447121,0.78253747468058
"316","June","2013",2013-06-01,"New Issue Trades",118555,0.123084254393159,37105930214,0.21746252531942
"317","March","2013",2013-03-01,"Other Bond Trades",659387,0.846841235328642,87961646579,0.658666937074765
"318","March","2013",2013-03-01,"New Issue Trades",119256,0.153158764671358,45583308584,0.341333062925235
"319","May","2013",2013-05-01,"Other Bond Trades",710206,0.859870814642621,96606982929,0.706743112489767
"320","May","2013",2013-05-01,"New Issue Trades",115739,0.140129185357379,40086224577,0.293256887510233
"321","November","2013",2013-11-01,"Other Bond Trades",653984,0.864403038437798,92067892787,0.735267722059149
"322","November","2013",2013-11-01,"New Issue Trades",102589,0.135596961562202,33148936437,0.264732277940851
"323","October","2013",2013-10-01,"Other Bond Trades",789797,0.882689474966527,124428261332,0.785642155012535
"324","October","2013",2013-10-01,"New Issue Trades",104965,0.117310525033473,33949519873,0.214357844987465
"325","September","2013",2013-09-01,"Other Bond Trades",811781,0.909587079482606,141101962708,0.847015461913057
"326","September","2013",2013-09-01,"New Issue Trades",80691,0.0904129205173944,25485271000,0.152984538086943
"327","April","2014",2014-04-01,"Other Bond Trades",632091,0.857246897674103,105589116373,0.745256428337845
"328","April","2014",2014-04-01,"New Issue Trades",105259,0.142753102325897,36092474497,0.254743571662155
"329","August","2014",2014-08-01,"Other Bond Trades",587309,0.849654168710117,90119357559,0.717190812342722
"330","August","2014",2014-08-01,"New Issue Trades",103924,0.150345831289883,35536682658,0.282809187657278
"331","December","2014",2014-12-01,"Other Bond Trades",568427,0.817188023387374,77457082918,0.598070620511327
"332","December","2014",2014-12-01,"New Issue Trades",127162,0.182811976612626,52054516986,0.401929379488673
"333","February","2014",2014-02-01,"Other Bond Trades",641087,0.880363687797563,99992327466,0.806375070277788
"334","February","2014",2014-02-01,"New Issue Trades",87120,0.119636312202437,24009928000,0.193624929722212
"335","January","2014",2014-01-01,"Other Bond Trades",772768,0.913574496407853,133700895368,0.830488864614172
"336","January","2014",2014-01-01,"New Issue Trades",73105,0.0864255035921468,27289698323,0.169511135385828
"337","July","2014",2014-07-01,"Other Bond Trades",624131,0.846448037778378,109538409804,0.757837685929686
"338","July","2014",2014-07-01,"New Issue Trades",113222,0.153551962221622,35002316842,0.242162314070314
"339","June","2014",2014-06-01,"Other Bond Trades",596045,0.819761076941697,88975488565,0.670946976232312
"340","June","2014",2014-06-01,"New Issue Trades",131051,0.180238923058303,43636314926,0.329053023767688
"341","March","2014",2014-03-01,"Other Bond Trades",654108,0.86035823926637,113123151781,0.724041939790835
"342","March","2014",2014-03-01,"New Issue Trades",106166,0.13964176073363,43115244870,0.275958060209165
"343","May","2014",2014-05-01,"Other Bond Trades",609179,0.858522169153864,105404999548,0.752127347215446
"344","May","2014",2014-05-01,"New Issue Trades",100388,0.141477830846136,34737490867,0.247872652784554
"345","November","2014",2014-11-01,"Other Bond Trades",486327,0.801334989849991,62672834986,0.608666894080004
"346","November","2014",2014-11-01,"New Issue Trades",120569,0.198665010150009,40294544373,0.391333105919996
"347","October","2014",2014-10-01,"Other Bond Trades",621562,0.849930740630841,98621711920,0.653845639844511
"348","October","2014",2014-10-01,"New Issue Trades",109747,0.150069259369159,52211613119,0.346154360155489
"349","September","2014",2014-09-01,"Other Bond Trades",591953,0.85214045310984,84208066668,0.717051975539104
"350","September","2014",2014-09-01,"New Issue Trades",102713,0.14785954689016,33228422653,0.282948024460896
"351","April","2015",2015-04-01,"Other Bond Trades",640114,0.791149112464065,85583791900,0.614001863052295
"352","April","2015",2015-04-01,"New Issue Trades",168980,0.208850887535935,53803068385,0.385998136947705
"353","August","2015",2015-08-01,"Other Bond Trades",597321,0.794154600098119,87923601397,0.656049360063138
"354","August","2015",2015-08-01,"New Issue Trades",154826,0.205845399901881,46096194596,0.343950639936862
"355","December","2015",2015-12-01,"Other Bond Trades",560688,0.814034150385393,86061519154,0.711464834489609
"356","December","2015",2015-12-01,"New Issue Trades",128089,0.185965849614607,34902321899,0.288535165510391
"357","February","2015",2015-02-01,"Other Bond Trades",560012,0.813774583458061,84148681635,0.655484322976017
"358","February","2015",2015-02-01,"New Issue Trades",128154,0.186225416541939,44227663436,0.344515677023983
"359","January","2015",2015-01-01,"Other Bond Trades",611617,0.877081504935956,103629098643,0.716308352447656
"360","January","2015",2015-01-01,"New Issue Trades",85715,0.122918495064044,41041975328,0.283691647552344
"361","July","2015",2015-07-01,"Other Bond Trades",631184,0.789949663211592,91840510497,0.666311343885467
"362","July","2015",2015-07-01,"New Issue Trades",167834,0.210050336788408,45993718711,0.333688656114533
"363","June","2015",2015-06-01,"Other Bond Trades",683568,0.779802667378515,104510418430,0.681033155118024
"364","June","2015",2015-06-01,"New Issue Trades",193023,0.220197332621485,48948216652,0.318966844881976
"365","March","2015",2015-03-01,"Other Bond Trades",633042,0.788180320704609,97061183308,0.619602510182331
"366","March","2015",2015-03-01,"New Issue Trades",170127,0.211819679295391,59589543106,0.380397489817669
"367","May","2015",2015-05-01,"Other Bond Trades",633146,0.783528654695757,86544159737,0.638749630650363
"368","May","2015",2015-05-01,"New Issue Trades",174924,0.216471345304243,48945796866,0.361250369349637
"369","November","2015",2015-11-01,"Other Bond Trades",517373,0.780439717916808,74844522461,0.662233541828521
"370","November","2015",2015-11-01,"New Issue Trades",145552,0.219560282083192,38173797714,0.337766458171479
"371","October","2015",2015-10-01,"Other Bond Trades",582663,0.794822616574338,90296647236,0.631116234450978
"372","October","2015",2015-10-01,"New Issue Trades",150410,0.205177383425662,52777864727,0.368883765549022
"373","September","2015",2015-09-01,"Other Bond Trades",594436,0.814428653438026,87810999450,0.71895061624831
"374","September","2015",2015-09-01,"New Issue Trades",135445,0.185571346561974,34326735000,0.28104938375169
"375","April","2016",2016-04-01,"Other Bond Trades",590593,0.786978850192416,90929994416,0.624870937684525
"376","April","2016",2016-04-01,"New Issue Trades",159863,0.213021149807584,54588046082,0.375129062315475
"377","February","2016",2016-02-01,"Other Bond Trades",550053,0.817391524020822,80095937788,0.665585456887598
"378","February","2016",2016-02-01,"New Issue Trades",122884,0.182608475979178,40243136570,0.334414543112402
"379","January","2016",2016-01-01,"Other Bond Trades",596450,0.858510255487585,101055652117,0.758586211598978
"380","January","2016",2016-01-01,"New Issue Trades",98300,0.141489744512415,32160125565,0.241413788401022
"381","March","2016",2016-03-01,"Other Bond Trades",647434,0.763643783718752,96014148005,0.594345105636659
"382","March","2016",2016-03-01,"New Issue Trades",200388,0.236356216281248,65531975778,0.405654894363341
